{
    "CameraMatrix": [
        [
            609.9114684876723,
            0.0,
            638.9891937054473
        ],
        [
            0.0,
            609.6184563342996,
            365.7710880006769
        ],
        [
            0.0,
            0.0,
            1.0
        ]
    ],
    "CameraDistCoeffs": [
        [
            -0.009617626122747252,
            -0.048253520420754856,
            0.0020027063260829457,
            0.00015407968504852678,
            0.07459687514773326
        ]
    ],
    "RotationMat": [
        [
            0.0024364698258561024,
            -0.05155623909217327,
            0.9986671206290203
        ],
        [
            -0.999811163511517,
            0.01912837174298887,
            0.003426764101655766
        ],
        [
            -0.019279547000229547,
            -0.9984868850441314,
            -0.05149989769245433
        ]
    ],
    "TranslationMat": [
        [
            5.803001575334491
        ],
        [
            217.80533478699027
        ],
        [
            -33.35354435405952
        ]
    ]
}